City_ID,City,Country,Max Temp,Current Description,Lat,Lng,Hotel Name
0,Port Elizabeth,ZA,57.49,clear sky,-33.918,25.5701,39 On Nile Guest House
2,Hobart,AU,52.27,broken clouds,-42.8794,147.3294,St Ives Hobart Accommodation Tasmania
3,Hithadhoo,MV,81.95,few clouds,-0.6,73.0833,Scoop Guest House
4,Faanui,PF,76.23,moderate rain,-16.4833,-151.75,Bora-Bora Pearl Beach Resort & Spa
5,Gaya,IN,81.97,overcast clouds,24.7833,85.0,Hotel Viraat Inn Gaya
6,Acarau,BR,78.4,scattered clouds,-2.8856,-40.12,castelo pizzaria
7,Cape Town,ZA,59.38,clear sky,-33.9258,18.4232,"Radisson Blu Hotel Waterfront, Cape Town"
8,Arraial Do Cabo,BR,71.56,clear sky,-22.9661,-42.0278,Pousada Porto Praia
9,Kodiak,US,57.79,overcast clouds,57.79,-152.4072,Best Western Kodiak Inn And Convention Center
10,Bengkulu,ID,72.64,light rain,-3.8004,102.2655,Grage Hotel Bengkulu
11,Rikitea,PF,75.7,broken clouds,-23.1203,-134.9692,People ThankYou
12,Sao Felix Do Xingu,BR,80.33,scattered clouds,-6.6447,-51.995,Rio Xingu Camping
13,Punta Arenas,CL,35.71,clear sky,-53.15,-70.9167,Hotel Hain
14,Morehead,US,85.98,scattered clouds,37.2711,-87.1764,CCI Express Inn
15,Ushuaia,AR,33.46,light snow,-54.8,-68.3,Albatross Hotel
16,Gilgit,PK,80.51,broken clouds,35.9221,74.3087,Tourist Hamlet Gilgit
17,Tiksi,RU,50.29,scattered clouds,71.6872,128.8694,Arktika
18,Huanren,CN,72.77,broken clouds,41.2647,125.3667,Dynasty Wunvshan Ice Chateau
19,Clyde River,CA,43.03,broken clouds,70.4692,-68.5914,Qamaq Hotel
20,Gambela,ET,71.35,light rain,8.25,34.5833,Solomon Debebe Hotel
21,Oranjestad,AW,84.15,few clouds,12.524,-70.027,Divi Village Golf & Beach Resort
22,Baiyin,CN,70.3,scattered clouds,36.5583,104.2081,GreenTree Alliance Gansu Baiyin Renmin Road Hotel
23,Itarema,BR,78.4,broken clouds,-2.9248,-39.9167,"Sea Lounge! Bar, Club & Restaurant"
25,Tasiilaq,GL,39.38,overcast clouds,65.6145,-37.6368,The Red House
26,Ballina,AU,62.02,clear sky,-28.8667,153.5667,Ramada Hotel & Suites by Wyndham Ballina Byron
27,Kapaa,US,81.19,clear sky,22.0752,-159.319,Sheraton Kauai Coconut Beach Resort
29,Hermanus,ZA,50.81,clear sky,-34.4187,19.2345,Misty Waves Boutique Hotel
30,Nandyal,IN,76.62,overcast clouds,15.4833,78.4833,Hotel Shobha
32,Slave Lake,CA,69.78,overcast clouds,55.2834,-114.769,Super 8 by Wyndham Slave Lake AB
33,Bemidji,US,77.05,clear sky,47.4736,-94.8803,Hampton Inn & Suites Bemidji
34,Te Anau,NZ,40.21,overcast clouds,-45.4167,167.7167,Kingsgate Hotel Te Anau
35,Kruisfontein,ZA,52.88,clear sky,-34.0033,24.7314,Oyster Bay House Rental
36,Sola,VU,80.22,clear sky,-13.8833,167.55,Leumerus Bungalows
37,Kenai,US,59.09,overcast clouds,60.5544,-151.2583,Aspen Extended Stay Suites
38,Rawlins,US,85.35,broken clouds,41.7911,-107.2387,"Holiday Inn Express Rawlins, an IHG Hotel"
39,Meulaboh,ID,73.45,overcast clouds,4.1363,96.1285,Kost Pria
40,Smithers,CA,75.52,scattered clouds,54.7804,-127.1743,"Prestige Hudson Bay Lodge, Premier Collection"
41,Camalu,MX,73.99,clear sky,30.85,-116.0667,La Cueva del Pirata
42,Siddapur,IN,69.75,overcast clouds,14.3333,74.8833,Ibbani Homestay
45,Hellin,ES,86.92,broken clouds,38.5106,-1.701,Hotel Restaurante Reina Victoria
46,Port Alfred,ZA,52.18,clear sky,-33.5906,26.891,The Halyards Hotel
47,Kaitangata,NZ,45.59,overcast clouds,-46.2817,169.8464,Kaitangata Motor Camp
48,Nikolskoye,RU,58.91,broken clouds,59.7035,30.7861,Tourist House - Sablino
49,Longyearbyen,SJ,48.04,broken clouds,78.2186,15.6401,"Radisson Blu Polar Hotel, Spitsbergen"
51,Hirara,JP,84.06,few clouds,24.8,125.2833,Hotel Atoll Emerald Miyakojima
52,Vaini,TO,78.96,few clouds,-21.2,-175.2,Keleti Beach Resort
53,Sitka,US,57.09,light intensity drizzle,57.0531,-135.33,Westmark Sitka
54,Nemuro,JP,64.44,clear sky,43.3236,145.575,Hotel Nemuro Kaiyoutei
55,Penzance,GB,59.68,broken clouds,50.1186,-5.5371,Artist Residence Penzance
56,Viedma,AR,47.64,overcast clouds,-40.8135,-62.9967,Hotel Cristal
57,Qaanaaq,GL,43.7,clear sky,77.484,-69.3632,Qaanaaq Hotel
58,Flinders,AU,58.37,light rain,-34.5833,150.8552,Shellharbour Resort & Conference Centre
59,Lebu,CL,53.51,overcast clouds,-37.6167,-73.65,Hostal Las Lilas
60,Chiang Khong,TH,72.1,scattered clouds,20.2613,100.4046,Chiangkhong Green Inn Resident
61,Tuktoyaktuk,CA,59.0,scattered clouds,69.4541,-133.0374,End of The Road Ltd.
62,Sisimiut,GL,44.4,overcast clouds,66.9395,-53.6735,Hotel Sisimiut
63,Abu Zabad,SD,79.12,broken clouds,12.35,29.25,ÿ≠ÿßŸÖÿØ ŸÖÿ≠ŸÖÿØ ŸÜŸàÿ±
65,Busselton,AU,61.09,light rain,-33.65,115.3333,Observatory Guest House
67,Oussouye,SN,77.18,overcast clouds,12.485,-16.5469,Auberge du Routard
68,Bluff,NZ,45.81,overcast clouds,-46.6,168.3333,Bluff Homestead - Guesthouse & Campervan Park
69,Geraldton,AU,43.21,clear sky,-28.7667,114.6,Broadwater Mariner Resort
70,San Andres,CO,84.22,broken clouds,12.5847,-81.7006,Hotel Arena Blanca
71,East London,ZA,55.58,clear sky,-33.0153,27.9116,Tu Casa
73,Basco,PH,85.42,scattered clouds,20.4487,121.9702,Nathaniel's Lodge
74,Raudeberg,NO,56.95,overcast clouds,61.9875,5.1352,Nordre Silda.
75,Godda,IN,79.66,overcast clouds,24.8333,87.2167,HOTEL TUSH TAYA RESIDENCY
76,Kingston Upon Hull,GB,57.96,overcast clouds,53.7446,-0.3353,Premier Inn Hull City Centre hotel
77,Nanortalik,GL,41.97,light rain,60.1432,-45.2371,Hotel Kap Farvel
78,Rakiv Lis,UA,58.66,clear sky,51.6217,24.9243,Turiya Hotel π
79,Rocha,UY,58.84,overcast clouds,-34.4833,-54.3333,Hotel Arrarte
80,Dingle,PH,78.35,overcast clouds,10.9995,122.6711,SEGAYA PROPERTY
82,Thompson,CA,60.96,mist,55.7435,-97.8558,Burntwood Hotel
84,Kangaatsiaq,GL,39.2,overcast clouds,68.3065,-53.4641,Nukissiorfiit
85,Strezhevoy,RU,55.67,broken clouds,60.7333,77.5889,Sibiryachka
86,Bethel,US,84.85,broken clouds,41.3712,-73.414,Courtyard by Marriott Danbury
89,Georgetown,MY,78.73,few clouds,5.4112,100.3354,Cititel Penang
90,Deputatskiy,RU,58.51,overcast clouds,69.3,139.9,Baza Otdykha
91,San Quintin,MX,72.82,clear sky,30.4833,-115.95,Don Eddie's Sport Fishing Center
92,Camana,PE,61.11,scattered clouds,-16.6228,-72.7111,Hostal Morales
93,Porto Murtinho,BR,81.54,clear sky,-21.6989,-57.8825,Hotel Pantanal
94,Torbay,CA,72.37,broken clouds,47.6666,-52.7314,Gallows Cove
95,Jamestown,US,71.94,clear sky,42.097,-79.2353,Hampton Inn & Suites Jamestown
96,Victoria,HK,89.19,overcast clouds,22.2855,114.1577,Mini Central
97,Tagusao,PH,80.01,overcast clouds,9.1924,117.8141,Caycay future beach resort
98,Ahipara,NZ,56.46,broken clouds,-35.1667,173.1667,Ahipara Holiday Park
99,Morgan City,US,85.01,overcast clouds,29.6994,-91.2068,Hampton Inn & Suites Morgan City
100,Souillac,MU,68.38,scattered clouds,-20.5167,57.5167,Shanti Maurice Resort & Spa
101,New Norfolk,AU,51.93,overcast clouds,-42.7826,147.0587,The Shingles Riverside Cottages
102,Vallenar,CL,62.35,scattered clouds,-28.5708,-70.7581,Humacao Bed & Breakfast
103,Butaritari,KI,82.65,overcast clouds,3.0707,172.7902,Isles Sunset Lodge
104,Kattivakkam,IN,82.08,overcast clouds,13.2167,80.3167,Euronova Freezer
105,Bambous Virieux,MU,68.25,light rain,-20.3428,57.7575,Casa Tia Villa
107,Upernavik,GL,39.51,scattered clouds,72.7868,-56.1549,Caf√© de Upernavik
108,Tura,IN,73.04,overcast clouds,25.5198,90.2201,Hotel RIKMAN Continental
110,Korla,CN,78.85,few clouds,41.7597,86.1469,Gulisitan Hotel
111,Lima,PE,67.89,overcast clouds,-12.0432,-77.0282,Hotel Kamana
112,Vangaindrano,MG,67.06,broken clouds,-23.35,47.6,Hotel Fanilo
113,Mataura,NZ,45.48,overcast clouds,-46.1927,168.8643,Ellie's Villa
114,Alice Springs,AU,40.55,clear sky,-23.7,133.8833,Desert Palms Alice Springs
115,Ribeira Grande,PT,75.31,few clouds,38.5167,-28.7,Quinta da Meia Eira
117,Yellowknife,CA,72.12,broken clouds,62.456,-114.3525,The Explorer Hotel
118,Cidreira,BR,61.2,few clouds,-30.1811,-50.2056,Hotel Castelo
119,Paamiut,GL,44.71,scattered clouds,61.994,-49.6678,Pistut
120,Ponta Do Sol,PT,84.83,broken clouds,32.6667,-17.1,Hotel do Campo
121,Carnarvon,AU,60.33,clear sky,-24.8667,113.6333,Hospitality Carnarvon
122,Mar Del Plata,AR,54.09,overcast clouds,-38.0023,-57.5575,Gran Hotel Mar del Plata
123,Nurota,UZ,86.29,clear sky,40.5614,65.6886,Guest House Ruslan Nurata & Tours
124,Kangundo,KE,61.14,broken clouds,-1.2979,37.3471,Kmercy Suites
125,Pacific Grove,US,72.01,few clouds,36.6177,-121.9166,Lovers Point Inn
126,Puerto Ayora,EC,78.76,overcast clouds,-0.7393,-90.3518,Finch Bay Galapagos Hotel
127,Dudinka,RU,52.63,overcast clouds,69.4058,86.1778,Hotel Viktoria
129,Cayenne,GF,83.08,clear sky,4.9333,-52.3333,H√¥tel Le Dronmi
130,Sawtell,AU,62.62,clear sky,-30.3833,153.1,The Bungalow Sawtell
131,Kudahuvadhoo,MV,78.37,overcast clouds,2.6708,72.8944,Niyama Private Islands Maldives
132,Port Lincoln,AU,53.11,clear sky,-34.7333,135.8667,Port Lincoln Hotel
135,Vila Franca Do Campo,PT,72.01,scattered clouds,37.7167,-25.4333,Pestana Bahia Praia
136,Neiafu,TO,79.48,scattered clouds,-18.65,-173.9833,Mystic Sands Beachfront Accommodation
138,Constitucion,CL,53.44,light rain,-35.3333,-72.4167,Hotel Boutique Las Azucenas
140,Gravdal,NO,55.9,broken clouds,68.1214,13.5031,Skreda Rorbusuiter
141,Lata,PT,59.76,clear sky,40.1629,-8.3327,Casa Maquia
142,Touros,BR,74.35,broken clouds,-5.1989,-35.4608,INN NEW HORIZON
143,Gazli,UZ,88.38,clear sky,40.1333,63.45,UTG Uy-joy kommunal xo ªjaligi
145,Atuona,PF,77.45,scattered clouds,-9.8,-139.0333,Villa Enata
146,Barrow,US,37.94,broken clouds,71.2906,-156.7887,King Eider Inn
147,Mahebourg,MU,68.29,scattered clouds,-20.4081,57.7,Shandrani Beachcomber Resort & Spa
148,Codrington,AU,50.38,overcast clouds,-38.2667,141.9667,Codrington Gardens Bed And Breakfast
150,Qasigiannguit,GL,37.22,overcast clouds,68.8193,-51.1922,Almost HOME
153,Wenling,CN,81.21,broken clouds,28.3669,121.36,Hanting Express Wenling Wanchang North Road
154,Palu,ID,76.12,light rain,-0.8917,119.8707,Hotel Santika Palu
155,Comodoro Rivadavia,AR,40.86,overcast clouds,-45.8667,-67.5,Austral Hotel
156,Benalla,AU,45.86,broken clouds,-36.55,145.9833,Rose City Motor Inn
157,Kirakira,SB,83.44,broken clouds,-10.4544,161.9205,SanBiz Lodge
158,Visby,SE,70.02,clear sky,57.6409,18.296,Best Western Solhem Hotel Visby
159,Gimli,CA,74.41,broken clouds,50.6336,-96.9907,Lakeview Gimli Resort
160,Ludvika,SE,61.77,overcast clouds,60.1496,15.1878,Ludvika Stadshotell
161,Ferme-Neuve,CA,65.62,broken clouds,46.7001,-75.4493,Pourvoirie Club Fontbrune Ltee
162,Poco Verde,BR,65.34,overcast clouds,-10.7083,-38.1833,Hotel Santa Cruz
163,Polson,US,85.71,overcast clouds,47.6936,-114.1632,Americas Best Value Port Polson Inn
164,Chuy,UY,57.67,overcast clouds,-33.6971,-53.4616,Nuevo Hotel Plaza
165,Byumba,RW,62.8,overcast clouds,-1.5763,30.0675,RGC206 [AIRTEL]
168,Bambanglipuro,ID,68.49,overcast clouds,-7.95,110.2833,Puri Brata
169,Cherskiy,RU,53.29,overcast clouds,68.75,161.3,Gostinitsa
170,Dali,CN,60.73,light rain,25.7,100.1833,Dali Travelling With Hostel
172,Khatanga,RU,69.75,few clouds,71.9667,102.5,"""Khatanga"""
173,Mao,ES,81.16,scattered clouds,39.8885,4.2658,ARTIEM Capri
174,Saint-Philippe,RE,65.21,scattered clouds,-21.3585,55.7679,Le four √† pain
175,Najran,SA,79.45,overcast clouds,17.4924,44.1277,ŸÖÿ≠ŸÖÿØ ŸáÿßÿØŸä ÿßŸÑ ŸÅÿ∑Ÿäÿ≠
176,Kavaratti,IN,81.41,scattered clouds,10.5669,72.642,Green leaf
177,Tigil,RU,62.4,overcast clouds,57.8,158.6667,Tigil'
178,Yar-Sale,RU,46.54,broken clouds,66.8333,70.8333,Yalemd
179,College,US,74.59,broken clouds,64.8569,-147.8028,Pike's Waterfront Lodge
180,Zhetysay,KZ,78.57,clear sky,40.7333,68.3,Gostinitsa Den
181,Great Yarmouth,GB,63.41,scattered clouds,52.6083,1.7305,Comfort Hotel Great Yarmouth
182,Iqaluit,CA,47.93,few clouds,63.7506,-68.5145,Frobisher Inn
184,Chumikan,RU,55.47,overcast clouds,54.7183,135.315,Fortuna
185,Alyangula,AU,66.07,scattered clouds,-13.8483,136.4192,Groote Eylandt Lodge
186,Sterling,US,80.89,broken clouds,39.0062,-77.4286,Hampton Inn & Suites Washington-Dulles International Airport
187,Kota Kinabalu,MY,75.18,few clouds,5.9749,116.0724,Gaya Centre Hotel
188,Lompoc,US,87.01,clear sky,34.6391,-120.4579,"Holiday Inn Express Lompoc, an IHG Hotel"
189,Khani,GE,53.17,clear sky,41.9563,42.9566,·Éô·É£·É†·Éù·É†·É¢·Éò ·Éñ·Éî·Éô·Éê·É†·Éò/Resort Zekari
190,Aklavik,CA,75.07,scattered clouds,68.2191,-135.0107,Aklavik Inn
191,Kahului,US,86.02,few clouds,20.8947,-156.47,Maui Seaside Hotel
192,Kulhudhuffushi,MV,81.23,overcast clouds,6.6221,73.07,Haajy Guest House 1
193,Saint George,US,79.39,thunderstorm,37.1041,-113.5841,Best Western Plus Abbey Inn
194,Kirkwall,GB,50.97,broken clouds,58.9848,-2.9587,Kirkwall Hotel
195,Kavieng,PG,82.56,light rain,-2.5744,150.7967,Nusa Island Retreat
198,Salalah,OM,76.1,light rain,17.0151,54.0924,"HAMDAN PLAZA HOTEL SALALAH, an HTG Hotel"
199,Butterworth,MY,78.84,few clouds,5.3991,100.3638,Cititel Penang
200,Half Moon Bay,US,81.41,overcast clouds,37.4636,-122.4286,"The Ritz-Carlton, Half Moon Bay"
201,Vao,NC,69.4,scattered clouds,-22.6667,167.4833,Hotel Kou-Bugny
202,Bonthe,SL,75.04,broken clouds,7.5264,-12.505,Bonthe Holiday Village
203,Shingu,JP,83.53,overcast clouds,33.7333,135.9833,Shingu UI Hotel
204,El Alto,PE,67.66,few clouds,-4.2714,-81.2147,Black Marlin Restaurant & Hospedaje
205,Port Hedland,AU,60.85,scattered clouds,-20.3167,118.5667,The Esplanade Hotel
206,Bilibino,RU,52.45,scattered clouds,68.0546,166.4372,Gostinitsa Severyanka
207,San Juan De La Maguana,DO,77.5,scattered clouds,18.8059,-71.2299,Hotel Maguana
208,Pisco,PE,60.85,scattered clouds,-13.7,-76.2167,Hotel San Isidro Oficial
210,Mayo,US,82.15,overcast clouds,38.8876,-76.5119,Resorts Resource Group International
211,Vossevangen,NO,54.54,overcast clouds,60.623,6.4229,Fleischer's Hotel
212,Coihaique,CL,30.15,scattered clouds,-45.5752,-72.0662,Diego De Almagro Coyhaique
213,Castro,BR,60.37,overcast clouds,-24.7911,-50.0119,CHACARA BAILLY
215,Bredasdorp,ZA,47.01,clear sky,-34.5322,20.0403,Bredasdorp Country Manor
216,Haines Junction,CA,71.55,overcast clouds,60.7522,-137.5108,Parkside Inn
218,Sidi Ali,DZ,81.43,scattered clouds,36.0998,0.4206,Complexe touristique haje bezine
219,West Bay,KY,88.07,few clouds,19.3667,-81.4167,Calypso Cove
220,Severo-Kurilsk,RU,53.42,overcast clouds,50.6789,156.125,Kak Doma
221,Pevek,RU,37.45,overcast clouds,69.7008,170.3133,Severnoye Zoloto
222,Westport,US,86.27,overcast clouds,41.1415,-73.3579,The Westport Inn
223,Taft,IR,87.75,dust,31.7471,54.2088,ÿπŸÖÿßÿ±ÿ™ ÿ≥ÿßÿπÿ™€å ÿ™ŸÅÿ™
224,Santa Cruz,BO,82.45,scattered clouds,-17.8,-63.1667,Aviador Hotel Boutique
225,Port Angeles,US,83.57,clear sky,48.1181,-123.4307,Red Lion Hotel Port Angeles Harbor
226,Tual,ID,79.59,scattered clouds,-5.6667,132.75,Grand Vilia Hotel
227,Vitim,RU,74.88,clear sky,59.4511,112.5578,Gostinitsa V Apteke
228,Bandarbeyla,SO,76.84,scattered clouds,9.4942,50.8122,JABIR HOTEL
229,Den Helder,NL,66.18,broken clouds,52.9599,4.7593,Hotel Den Helder
230,Avarua,CK,75.25,broken clouds,-21.2078,-159.775,Paradise Inn
231,Valpoi,IN,75.78,overcast clouds,15.5305,74.1356,Cajueiro Homestead
232,Kushima,JP,81.23,clear sky,31.4583,131.2333,Hanaoka
233,Sao Filipe,CV,78.55,overcast clouds,14.8961,-24.4956,Hotel Xaguate
234,Shimoda,JP,78.1,overcast clouds,34.6667,138.95,Shimoda Tokyu Hotel
235,Serafimovich,RU,60.62,scattered clouds,49.5786,42.736,Donskiye Prostory
237,Leominster,US,82.26,broken clouds,42.5251,-71.7598,DoubleTree by Hilton Hotel Leominster
239,Popondetta,PG,82.42,scattered clouds,-8.7537,148.2534,Timos Transit House
240,Havoysund,NO,52.03,light rain,70.9963,24.6622,Arctic View Glamping & Restaurant
241,Puerto Escondido,MX,86.83,broken clouds,15.85,-97.0667,Aldea del Bazar Hotel and Spa
242,Manokwari,ID,79.54,overcast clouds,-0.8667,134.0833,Swiss Belhotel Manokwari
243,Heihe,CN,70.38,clear sky,50.2441,127.4902,Hotel Strannik
244,Kalmunai,LK,79.61,light rain,7.4167,81.8167,VS Villa
245,Hasaki,JP,79.2,light rain,35.7333,140.8333,Inubosaki Kanko Hotel
246,Mercedes,AR,62.04,overcast clouds,-34.6515,-59.4307,Posada del Inti Centro
247,Kuytun,RU,52.95,light rain,54.3419,101.5036,Gostinitsa Tsentral'naya
248,Almeirim,BR,77.58,broken clouds,-1.5233,-52.5817,Ric√°cio Hotel
249,Sosua,DO,78.71,broken clouds,19.7667,-70.5167,Piergiorgio Palace Hotel
250,Christchurch,NZ,50.92,mist,-43.5333,172.6333,The George
251,Port Augusta,AU,48.74,clear sky,-32.5,137.7667,Majestic Oasis Apartments
252,Coro,VE,80.82,scattered clouds,11.4045,-69.6734,Federal
253,Ulaanbaatar,MN,55.53,broken clouds,47.9077,106.8832,The Blue Sky Hotel and Tower
254,Nome,US,53.67,moderate rain,64.5011,-165.4064,Dredge 7 Inn
255,Naze,JP,79.72,clear sky,28.3667,129.4833,Shishime Hotel
256,Carutapera,BR,77.02,overcast clouds,-1.195,-46.02,Lidera
257,Saldanha,ZA,53.65,clear sky,-33.0117,17.9442,Blue Bay Lodge
258,Ambulu,ID,69.17,broken clouds,-8.345,113.6058,Hotel Ambulu Jember
259,Mino,JP,85.84,scattered clouds,34.8269,135.4706,Ooedo Onsen Monogatari Minoh Kank≈ç Hotel
260,Chifeng,CN,73.17,overcast clouds,42.2683,118.9636,Junyu Tiancheng Hotel
263,Coquimbo,CL,55.13,few clouds,-29.9533,-71.3436,Hotel San Juan
264,Pindushi,RU,62.06,overcast clouds,62.9152,34.58,Solnechnyy
265,Ust-Ishim,RU,61.43,scattered clouds,57.6935,71.1665,"Velichko T.p., Gostinitsa"
266,Kamina,CD,62.47,few clouds,-8.7386,24.9906,LEANIF HOTEL RESTAURANT
267,Tuatapere,NZ,45.12,light rain,-46.1333,167.6833,Ron and Tony's Bed & Breakfast
271,Norman Wells,CA,77.04,few clouds,65.282,-126.8329,Heritage Hotel
272,Ust-Nera,RU,72.48,clear sky,64.5667,143.2,Hotel Ust-Nera
273,Nanakuli,US,85.37,broken clouds,21.3906,-158.1547,Camp PƒÅlehua
274,Ozinki,RU,63.05,scattered clouds,51.1786,49.6769,Korolevskiy Dvor
275,Alofi,NU,76.89,broken clouds,-19.0595,-169.9187,Taloa Heights
276,Mapiripan,CO,74.52,broken clouds,2.8892,-72.1256,Monserrate
277,Stornoway,GB,51.93,overcast clouds,58.2093,-6.3865,Caladh Inn
279,Axim,GH,74.46,broken clouds,4.8699,-2.2405,Axim Beach Resort And Spa
280,Olovyannaya,RU,61.93,overcast clouds,50.95,115.5667,Gostinitsa
281,Coahuayana,MX,83.34,overcast clouds,18.7333,-103.6833,El rranchito michuacan de ocampos
282,Ochakiv,UA,71.2,clear sky,46.6128,31.5498,Briz
283,Olafsvik,IS,52.75,overcast clouds,64.8945,-23.7142,Hotel Olafsvik
284,Kampong Cham,KH,77.18,overcast clouds,11.9934,105.4635,7 Makara Hotel
285,Vila Velha,BR,70.95,clear sky,-20.3297,-40.2925,Hotel Vit√≥ria Palace
287,Gashua,NG,88.05,broken clouds,12.871,11.0482,Forte Oil - Old Lorry Park
288,Fortuna,US,73.92,scattered clouds,40.5982,-124.1573,Super 8 by Wyndham Fortuna
289,Puerto Madryn,AR,46.74,light rain,-42.7692,-65.0385,Hotel Tolosa
290,Palomares,MX,80.47,overcast clouds,17.15,-95.0667,Hotel Monarca
291,Mount Gambier,AU,49.93,overcast clouds,-37.8333,140.7667,The Commodore
292,Katsuura,JP,80.62,overcast clouds,35.1333,140.3,Katsuura Hotel Mikazuki
293,Miranda,CO,73.53,broken clouds,3.2499,-76.2281,unidiversidad organica la utopia
296,Innisfail,AU,69.39,overcast clouds,-17.5333,146.0333,Moondarra Motel
297,Port Hawkesbury,CA,81.52,clear sky,45.6169,-61.3485,MacKenzie House Tourist Home B&B
298,Bairiki,KI,86.0,few clouds,1.3292,172.9752,Tarawa Boutique Hotel
299,Hassleholm,SE,65.75,overcast clouds,56.1591,13.7664,G√∂ingehof
300,Hamilton,US,79.86,overcast clouds,39.1834,-84.5333,Six Acres Bed & Breakfast
301,Hambantota,LK,77.88,light rain,6.1241,81.1185,Bungalow 63
302,Krasnyy Yar,RU,67.93,few clouds,46.5331,48.3456,Cottege near Ufa
303,Lorengau,PG,81.59,overcast clouds,-2.0226,147.2712,Lorengau Harbourside Hotel
304,Hovd,MN,55.54,clear sky,48.0056,91.6419,Hotel Khovd
305,Metro,ID,72.25,light rain,-5.1131,105.3067,OYO 3177 Wisma Lintang
306,Abonnema,NG,73.81,overcast clouds,4.7084,6.7931,Corper's Lodge Obonoma
307,Ambon,ID,77.14,scattered clouds,-3.6954,128.1814,Swiss-Belhotel Ambon
308,Hobyo,SO,75.25,clear sky,5.3505,48.5268,Iftin hotel hobyo
309,Lazaro Cardenas,MX,82.87,overcast clouds,17.9583,-102.2,HOTEL QUINTA ANTIGUA
310,Samarai,PG,79.21,broken clouds,-10.6167,150.6667,Nuli Sapi
311,Luban,PL,75.02,overcast clouds,51.1201,15.2877,Motel ≈Åu≈ºycki
312,Qinnan,CN,80.85,clear sky,33.2531,119.9133,Tinghu Hotel
315,Galesong,ID,69.82,few clouds,-5.3166,119.3661,Sapriadi Appy
316,Sinnamary,GF,79.16,overcast clouds,5.3833,-52.95,ALETHEIA Appartement Sinnamary
320,Salta,AR,73.99,scattered clouds,-24.7859,-65.4117,Hotel Alejandro I
322,Mandalgovi,MN,60.67,overcast clouds,45.7625,106.2708,–í.–ì–∞–Ω–±–∞—Ç
323,Goderich,CA,69.91,clear sky,43.7501,-81.7165,Harmony Inn
324,Zhigansk,RU,67.71,clear sky,66.7697,123.3711,Gostinichnyy Kompleks Aylgy
325,Sept-Iles,CA,63.12,light intensity shower rain,50.2001,-66.3821,Comfort Inn
326,Luena,AO,56.32,clear sky,-11.7833,19.9167,Hotel Kandamba
327,Hvolsvollur,IS,50.13,overcast clouds,63.7533,-20.2243,Hotel Rang√°
328,Palmer,US,85.24,broken clouds,42.1584,-72.3287,Wedgewood Motel
330,Nouadhibou,MR,78.78,clear sky,20.931,-17.0347,El Medina
331,Ruteng,ID,60.1,broken clouds,-8.6136,120.4721,Hotel FX 72
332,Maniitsoq,GL,41.23,overcast clouds,65.4167,-52.9,Hotel Heilmann Lyberth
333,Dong Hoi,VN,77.18,broken clouds,17.4833,106.6,Nam Long Hotel
334,Syamzha,RU,57.81,broken clouds,60.0158,41.0614,Hotel Syamzha
335,North Bend,US,88.25,clear sky,43.4065,-124.2243,Red Lion Hotel Coos Bay
337,Taltal,CL,58.51,scattered clouds,-25.4,-70.4833,Residencial Karime
338,Sturgeon Bay,US,75.56,broken clouds,44.8342,-87.377,AmericInn by Wyndham Sturgeon Bay
339,Harer,ET,60.17,overcast clouds,9.3094,42.1258,Amir Cultural Harari Guesthouse
340,Gurupi,BR,79.36,broken clouds,-11.7292,-49.0686,Via Norte Hotel
341,Vilyuysk,RU,72.81,clear sky,63.7553,121.6247,Gostinitsa Viliuisk
343,Pangody,RU,51.84,overcast clouds,65.85,74.4859,Elizaveta Shevchuk's House
344,Contai,IN,79.99,heavy intensity rain,21.7786,87.7536,PATHFINDER
345,Gejiu,CN,57.72,few clouds,23.306,103.1635,Yixuanzhuang Banshan Guesthouse
346,Slupsk,PL,70.45,light rain,54.4641,17.0287,Hotel Pod KlukƒÖ
347,Nyurba,RU,75.24,few clouds,63.2842,118.3319,"–ì–æ—Å—Ç–∏–Ω–∏—Ü–∞ ""Comfort"""
348,Sao Tome,ST,74.7,overcast clouds,0.3365,6.7273,Pestana Miramar S√£o Tom√©
350,Vardo,NO,53.58,overcast clouds,70.3705,31.1107,Vard√∏ Hotel AS
351,Makakilo City,US,83.95,broken clouds,21.3469,-158.0858,Marriott's Ko Olina Beach Club
352,Terney,RU,74.01,clear sky,45.0503,136.6092,"Hotel ""Ternay"""
353,Tazovskiy,RU,49.05,overcast clouds,67.4667,78.7,TazHostel
354,Farafangana,MG,67.12,light rain,-22.8167,47.8333,Miarina
355,Zabaykalsk,RU,63.9,overcast clouds,49.6333,117.3167,Zheleznyy Mir
357,Zhangye,CN,73.13,overcast clouds,38.9342,100.4517,Zhangye Lvzhou Holiday Inn
358,Hofn,IS,51.22,broken clouds,64.2539,-15.2082,H√≥tel H√∂fn
359,Leo,BF,75.13,scattered clouds,11.1,-2.1,Hotel Sissilis
360,Piacabucu,BR,72.7,broken clouds,-10.4056,-36.4344,Pia√ßabu√ßu News
362,Oistins,BB,80.69,scattered clouds,13.0667,-59.5333,Butterfly Beach Hotel
363,Scarborough,GB,56.91,overcast clouds,54.2797,-0.4044,The Grand Hotel Scarborough
365,Springbok,ZA,54.27,clear sky,-29.6643,17.8865,Undulata Country Lodge
366,Tomatlan,MX,82.17,overcast clouds,19.9333,-105.25,El Salvial
367,Macapa,BR,80.58,broken clouds,0.0389,-51.0664,Atalanta Hotel
368,Carahue,CL,49.98,overcast clouds,-38.7,-73.1667,Hospedaje Familiar
369,Jawhar,SO,72.23,clear sky,2.7809,45.5005,Hotel Shabelle
371,Moultrie,US,83.82,clear sky,31.1799,-83.7891,Moultrie Inn
372,Bonavista,CA,65.21,overcast clouds,48.6499,-53.1147,Sweet Sharons bnb
373,Boali,CF,70.72,light rain,4.8005,18.1275,Auberge des Cocotiers Boali poste
374,Cody,US,85.05,clear sky,44.5263,-109.0565,"Holiday Inn Cody-at Buffalo Bill Village, an IHG Hotel"
375,Waitati,NZ,45.3,overcast clouds,-45.75,170.5667,Arden Country House BnB Dunedin
376,Thiers,FR,68.32,broken clouds,45.8333,3.5,H√¥tel Eliotel
377,Grindavik,IS,51.75,broken clouds,63.8424,-22.4338,Northern Light Inn & Max's Restaurant
378,Bathsheba,BB,81.21,scattered clouds,13.2167,-59.5167,Atlantis Hotel
379,Lakes Entrance,AU,50.16,overcast clouds,-37.8811,147.981,The Esplanade Resort & Spa
381,Sibu,MY,75.51,scattered clouds,2.3,111.8167,RH HOTEL (4 Star)
382,Catanzaro,IT,82.76,clear sky,38.8908,16.5987,Benny Hotel
384,Rutland,US,78.66,scattered clouds,43.6167,-73.0162,Comfort Inn Trolley Square
385,Zhoukou,CN,78.84,moderate rain,33.6333,114.6333,Thank Inn Chain Hotel henan zhoukou chuanhui district zhoukou normal university
386,Tampin,MY,74.62,overcast clouds,2.4701,102.2302,A'Famosa Resort
389,Kaiyuan,CN,66.51,few clouds,23.6977,103.3037,Dongqi Hotel
390,Richards Bay,ZA,58.5,scattered clouds,-28.783,32.0377,BON Hotel Waterfront Richards Bay
391,Bumba,CD,72.16,overcast clouds,2.1833,22.4667,P√®re Carlos
392,Krasnoturansk,RU,52.63,overcast clouds,54.3186,91.5639,Sotsial'naya Gostinitsa
393,Byron Bay,AU,61.95,clear sky,-28.65,153.6167,Backpackers Inn
394,Horta,PT,74.48,scattered clouds,38.5333,-28.6333,Hotel do Canal | Horta - Faial
395,La Seyne-Sur-Mer,FR,82.89,scattered clouds,43.0982,5.8847,H√¥tel Premi√®re Classe Toulon La Seyne Sur Mer
396,Ixtapa,MX,84.22,overcast clouds,20.7,-105.2,hotel la terminal
397,Namtsy,RU,71.51,broken clouds,62.7161,129.6658,"""–≠“£—Å–∏—ç–ª–∏ –ö–∏–∏–Ω"""
398,Kletnya,RU,56.89,few clouds,53.3897,33.2171,Gostinitsa-Otel' Kletnya
399,Tahoua,NE,87.96,scattered clouds,14.8888,5.2692,Bungalows Guesthouse
400,Havre-Saint-Pierre,CA,66.56,overcast clouds,50.2334,-63.5986,Auberge Niapiskau
401,Saint Anthony,US,80.19,overcast clouds,45.0205,-93.218,Holiday Inn Express Roseville-St. Paul
402,Akyab,MM,80.11,few clouds,20.15,92.9,Hotel Memory
403,Qaqortoq,GL,42.94,overcast clouds,60.7167,-46.0333,Siniffik Inn
404,Ilulissat,GL,38.39,overcast clouds,69.2167,-51.1,Hotel Arctic
405,Auki,SB,84.4,few clouds,-8.7676,160.7034,Auki Motel
406,Concarneau,FR,62.89,clear sky,47.875,-3.9225,Brit Hotel de L' Oc√©an
407,Bouna,CI,72.25,few clouds,9.2667,-3.0,H√¥tel lababa
408,Maceio,BR,74.64,broken clouds,-9.6658,-35.7353,Hotel Ponta Verde Macei√≥
410,Kundgol,IN,70.63,overcast clouds,15.25,75.25,Kaveri Bar and lodging
411,Severka,RU,60.24,light rain,56.8688,60.3015,"At the edge, suburban complex"
412,Hualmay,PE,63.55,scattered clouds,-11.0964,-77.6139,Hotel Villa Kitzia Huacho
413,Vanimo,PG,80.06,overcast clouds,-2.6741,141.3028,Vahmoneh Lodge Vanimo
414,Muravlenko,RU,49.82,scattered clouds,63.7898,74.523,Hostel Rus Muravlenko
415,Sandakan,MY,74.88,few clouds,5.8402,118.1179,Hotel Sandakan
416,Filomeno Mata,MX,72.3,overcast clouds,20.2,-97.7,HOTEL BUENAVISTA
417,Vila,PT,58.08,clear sky,42.0304,-8.1588,Hotel Castrum Villae by Walk Hotels
418,Mehamn,NO,51.75,light rain,71.0357,27.8492,Mehamn Arctic Hotel AS
419,Shache,CN,75.7,scattered clouds,38.4167,77.2406,Delong Hotel
421,Pundaguitan,PH,82.35,overcast clouds,6.3711,126.1689,Leonardo Family Beach House 1
422,Genhe,CN,67.89,few clouds,50.7833,121.5167,Companionship Hotel
424,Losino-Petrovskiy,RU,68.52,light rain,55.8696,38.2006,"Sadko, Otel'"
426,Aksha,RU,59.68,heavy intensity rain,50.2814,113.2867,Vizit
427,Balkhash,KZ,71.31,broken clouds,46.844,74.9804,Family
428,Uppsala,SE,63.91,moderate rain,60.0,17.75,Fr√∂sunda LSS AB Eget Boende Jan Eriks V√§g
429,Padang,ID,73.45,overcast clouds,-0.9492,100.3543,Mercure Padang
430,Medzev,SK,65.64,clear sky,48.7004,20.8937,Ranƒç ≈†ugov
432,Kaura Namoda,NG,79.38,broken clouds,12.5898,6.5779,Moonlight Hotel
433,Otane,NZ,54.01,light rain,-39.8833,176.6333,Ludlow Farmstay
434,Wakema,MM,78.84,scattered clouds,16.6,95.1833,Aung Kaday Hotel
435,Zhezkazgan,KZ,75.07,broken clouds,47.8043,67.7144,Hotel Zumrat
436,Vestmannaeyjar,IS,52.63,overcast clouds,63.4427,-20.2734,Glamping & Camping
438,Takoradi,GH,74.08,broken clouds,4.8845,-1.7554,Raybow International Hotel
439,Trinidad,BO,84.18,scattered clouds,-14.8333,-64.9,Hotel Piesta
440,Buala,SB,83.41,light rain,-8.145,159.5921,Maringe Lagoon Lodge
442,Tocopilla,CL,62.01,few clouds,-22.092,-70.1979,Hotel Galvarino
443,Roma,US,73.72,few clouds,43.2128,-75.4557,Wingate By Wyndham Rome
444,Fomboni,KM,76.46,clear sky,-12.28,43.7425,Auberge les abou
446,Gornopravdinsk,RU,60.15,light rain,60.05,69.9,Hostel
447,Merrill,US,73.62,scattered clouds,45.1805,-89.6835,Prairie Motel
448,Hami,CN,78.85,scattered clouds,42.8,93.45,Laoyutang Resort
449,Mnogovershinnyy,RU,54.77,overcast clouds,53.9353,139.9242,Obshchezhitiye 14
450,Krasnyy Chikoy,RU,55.0,scattered clouds,50.3643,108.7512,Persona
451,Kamaishi,JP,76.75,broken clouds,39.2667,141.8833,Hotel Route Inn Kamaishi
453,Waipawa,NZ,52.65,overcast clouds,-41.4122,175.5153,Tora Coastal Walk
454,Morondava,MG,71.1,broken clouds,-20.2833,44.2833,La Case Bambou
455,Kisangani,CD,70.99,broken clouds,0.5167,25.2,Grand Ramela Hotel
456,Lincolnton,US,76.89,light rain,35.4737,-81.2545,Hampton Inn Lincolnton
457,Sakhon Nakhon,TH,77.56,overcast clouds,17.1612,104.1472,‡∏ö‡∏£‡∏¥‡∏©‡∏±‡∏ó ‡∏™‡∏Å‡∏•‡πÅ‡∏Å‡∏£‡∏ô‡∏î‡πå‡∏û‡∏≤‡πÄ‡∏•‡∏ã ‡∏à‡∏≥‡∏Å‡∏±‡∏î
458,Biltine,TD,88.56,broken clouds,14.5333,20.9167,H√¥tel Trois √âtoiles de Biltine
459,Bowen,AU,67.15,broken clouds,-20.0167,148.2333,Castle Motor Lodge Motel
461,Zhangjiakou,CN,70.03,broken clouds,40.81,114.8794,Shell Zhangjiakou City Qiaodong District Ginza Hotel
463,Ocos,GT,84.11,broken clouds,14.5094,-92.1933,Auto Hotel El So√±ador
464,Road Town,VG,84.29,scattered clouds,18.4167,-64.6167,"ZINGARA 76ft Catamaran, full crew-all included"
465,Wanaka,NZ,38.1,overcast clouds,-44.7,169.15,Wanaka Homestead Lodge and Cottages
466,Mahibadhoo,MV,80.6,overcast clouds,3.7833,72.9667,Omadhoo Inn
467,Tahta,EG,85.62,clear sky,26.7693,31.5021,ŸÅŸÜÿØŸÇ ÿßŸÑÿ≤Ÿäÿßÿ™
468,Channel-Port Aux Basques,CA,64.94,overcast clouds,47.5702,-59.1367,St. Christopher's Hotel
469,Necochea,AR,52.2,overcast clouds,-38.5473,-58.7368,dyd -mar Hotel
470,Inta,RU,47.93,overcast clouds,66.0317,60.1659,Apartments in Inta city
471,Igarka,RU,51.82,scattered clouds,67.4667,86.5833,"Zapolyar'ye, Gostinitsa"
472,Broome,US,79.81,scattered clouds,42.2506,-75.833,Chenango Valley State Park
473,Okato,NZ,59.18,broken clouds,-39.2,173.8833,Goodin Country Garden
476,Roald,NO,64.17,overcast clouds,62.5833,6.1333,Flem Cabins
477,Mecca,SA,88.99,overcast clouds,21.4267,39.8261,"Makkah Clock Royal Tower, A Fairmont Hotel"
478,Mahon,ES,81.16,scattered clouds,39.8885,4.2658,ARTIEM Capri
479,Plouzane,FR,61.12,overcast clouds,48.3833,-4.6167,Lymina
480,Ipixuna,BR,79.99,moderate rain,-1.7625,-48.8043,Chal√© do Mato
481,Manzanillo,CU,81.07,overcast clouds,20.3433,-77.1167,"HOSTAL ""THE YELLOW HOUSE"""
482,Mukdahan,TH,78.55,overcast clouds,16.5833,104.5,Ban Kham Phung
483,Klyuchi,RU,60.3,clear sky,52.2667,79.1667,Vesolaya Mayovka
484,Olga,RU,74.17,clear sky,43.7444,135.2892,Gostinitsa Rosmorport.
485,Robe,AU,53.78,scattered clouds,-37.1833,139.75,Harbour View Motel
486,Komsomolskiy,UZ,81.32,clear sky,40.4272,71.7189,Ikathouse
487,Mandera,KE,75.15,broken clouds,3.9366,41.867,Red Sea Resort & Suites Mandera County
488,Inirida,CO,72.18,overcast clouds,3.8653,-67.9239,Fuente del Guania Hotel de Lujo
490,Pochutla,MX,87.82,overcast clouds,15.7432,-96.4661,Hotel Posada San Jose
491,Muisne,EC,73.58,overcast clouds,0.6,-80.0333,Quinta Samay
492,Aquiraz,BR,80.19,broken clouds,-3.9014,-38.3911,Pousada Rua Camurupim
493,Anadyr,RU,46.9,scattered clouds,64.75,177.4833,–û—Ç–∫–µ17.—Ä—É ‚Äî –∂–∏–ª—å—ë –¥–ª—è –∫–æ–º–∞–Ω–¥–∏—Ä–æ–≤–∞–Ω–Ω—ã—Ö
494,Conde,BR,74.66,scattered clouds,-7.2597,-34.9075,Pousada Beija Flor
495,Razdolinsk,RU,50.58,overcast clouds,58.4211,94.6658,"""U Nikolaicha"""
496,Nantucket,US,80.71,overcast clouds,41.2835,-70.0995,Jared Coffin House
497,Ucluelet,CA,79.11,few clouds,48.9329,-125.5528,Black Rock Oceanfront Resort
498,Malanje,AO,68.32,clear sky,-9.5402,16.341,Hotel Ginga
499,Kutum,SD,82.94,broken clouds,14.2,24.6667,Dibbo areaŸÖŸÜÿ∑ŸÇÿ© ÿØÿ®Ÿà
500,Flin Flon,CA,75.04,broken clouds,54.7682,-101.865,Victoria Inn Flin Flon
501,Emirdag,TR,65.16,clear sky,39.0197,31.15,Emirdaƒü √ñƒüretmenevi
502,Camocim,BR,78.21,broken clouds,-2.9022,-40.8411,Ilha Praia Hotel
503,Klaksvik,FO,49.12,scattered clouds,62.2266,-6.589,Airbnb rooms
504,New Glasgow,CA,74.98,overcast clouds,45.5834,-62.6486,"Holiday Inn Express Stellarton-New Glasgow, an IHG Hotel"
505,Snasa,NO,58.71,light rain,64.2457,12.3778,Sn√•sa Hotell AS
507,Tonekabon,IR,74.68,light rain,36.8163,50.8738,Hotel Sadra
508,San Cristobal,VE,78.98,scattered clouds,7.7669,-72.225,Pirineos
509,Quatre Cocos,MU,68.11,light rain,-20.2078,57.7625,Sunrise Attitude Hotel
510,Bertoua,CM,67.46,light rain,4.5833,13.6833,Hotel De Paris
511,Mpika,ZM,57.49,broken clouds,-11.8343,31.4529,Melodies Lodge
512,Sabya,SA,87.42,light rain,17.1495,42.6254,Aseel Hotel Apartment
515,Kapit,MY,73.08,overcast clouds,2.0167,112.9333,Hotel Meligai Kapit
516,Karlshamn,SE,64.9,light rain,56.1706,14.8619,Port Hotel AB
517,Trojes,AL,72.55,clear sky,41.756,19.962,Sofra e Kthell√´s
518,Ambilobe,MG,64.67,clear sky,-13.2,49.05,H√¥tel & Restaurant DIANA Ambilobe
519,Kang,BW,63.0,broken clouds,-23.6752,22.7876,Kang Ultra Stop
520,Binzhou,CN,75.99,overcast clouds,37.3667,118.0167,Hampton By Hilton Binzhou
521,Dabat,ET,54.41,light rain,12.9842,37.765,Haymanot hotel
522,Jacareacanga,BR,81.36,scattered clouds,-6.2222,-57.7528,Casa do Ianüòé
523,Jadu,LY,73.72,clear sky,31.953,12.0261,ÿßŸÖŸäÿßÿ≥ ŸÑŸÑÿµÿ±ÿßŸÅÿ©
524,Les Cayes,HT,82.49,clear sky,18.2,-73.75,Villa Orphee
525,Salgueiro,BR,71.87,overcast clouds,-8.0742,-39.1192,Hotel Requinte
526,Magistralnyy,RU,62.89,overcast clouds,56.1725,107.4458,–ú–∞–≥–∏—Å—Ç—Ä–∞–ª—å
527,Ko Samui,TH,82.33,overcast clouds,9.5357,99.9357,The Passage
528,Port-Gentil,GA,74.19,overcast clouds,-0.7193,8.7815,Fengshui Residence
529,Isangel,VU,77.11,broken clouds,-19.55,169.2667,Tanna Lodge
530,Diavatos,GR,79.18,clear sky,40.5456,22.2669,ŒûŒµŒΩœéŒΩŒ±œÇ œÉœÑŒ∑ŒΩ œÜœçœÉŒ∑
531,Le Moule,GP,82.44,clear sky,16.3332,-61.3473,Lakaz Hananou
532,Rodas,CU,86.77,light rain,22.3408,-80.5572,Hostal Casa Mario
533,Bonnyville,CA,69.6,overcast clouds,54.2668,-110.735,Best Western Bonnyville Inn & Suites
534,Kimberley,ZA,35.29,clear sky,-28.7323,24.7623,Welgewandel Guesthouse
535,Las Vegas,US,87.76,overcast clouds,36.175,-115.1372,Plaza Hotel & Casino
536,Havelock,US,87.78,scattered clouds,34.8791,-76.9013,Sherwood Motel
537,Bang Saphan,TH,76.87,broken clouds,11.2126,99.5117,Ladawan Boutique Hotel
538,Montepuez,MZ,62.94,clear sky,-13.1256,38.9997,PembaAparthotel
539,Xam Nua,LA,67.53,broken clouds,20.4197,104.0439,Xee Wang Guesthouse
540,Dohrighat,IN,81.93,broken clouds,26.2644,83.5164,"Hotel Shahi Palace, & Beer Bar,"
541,Qui Nhon,VN,78.46,overcast clouds,13.7667,109.2333,Seagull Hotel
542,Cuamba,MZ,61.23,broken clouds,-14.8031,36.5372,Hotel Vision
543,La Sarre,CA,57.63,overcast clouds,48.8002,-79.1996,Motel Villa Mon Repos
544,Damietta,EG,80.49,clear sky,31.4165,31.8133,SULIMAN INN
546,Cervo,ES,66.96,broken clouds,43.6702,-7.4101,Hotel Spa Galatea
547,Portel,BR,78.04,broken clouds,-1.9356,-50.8211,Kitnet do Marcos
549,Copiapo,CL,51.49,clear sky,-27.3667,-70.3333,Antay Casino Hotel
550,Sioux Lookout,CA,73.47,broken clouds,50.1001,-91.917,Knobby's Fly-In Camps
551,Krasnoselkup,RU,54.19,overcast clouds,65.7,82.4667,Krasnosel'kupnefteprodukt
552,Xichang,CN,63.59,few clouds,27.8964,102.2634,Xichang ibis Hotel
553,La Ronge,CA,75.42,broken clouds,55.1001,-105.2842,Northland Motor Hotel
554,Wakkanai,JP,68.29,broken clouds,45.4094,141.6739,Hy≈çsetsu-s≈ç
555,Chegdomyn,RU,70.77,broken clouds,51.1167,133.0167,Gostinitsa Bureya
556,Chicama,PE,59.54,scattered clouds,-7.8447,-79.1469,Balihai Bungalows
557,Hirtshals,DK,59.76,clear sky,57.5881,9.9592,Montra Skaga Hotel
558,Archidona,ES,81.84,scattered clouds,37.0965,-4.3887,Hotel Escua
559,Grand Gaube,MU,68.4,clear sky,-20.0064,57.6608,Veranda Paul et Virginie Hotel & Spa
560,Manggar,ID,80.62,overcast clouds,-2.8833,108.2667,Guest Hotel
561,Formosa,AR,78.78,clear sky,-26.1775,-58.1781,Asteri√≥n Departamentos
562,Namatanai,PG,81.19,light rain,-3.6667,152.4333,Seagulls Inn Namatani
563,Juan Lacaze,UY,62.67,moderate rain,-34.4342,-57.4381,El templo de Papal
564,Taksimo,RU,68.81,clear sky,56.3444,114.8794,"Gostinitsa ""Domashniy Ochag"""
565,Palaikastron,GR,78.24,clear sky,35.2,26.25,Marina Village
566,Esso,RU,55.85,overcast clouds,55.9333,158.7,Paramushir Tur
567,Kondinskoye,RU,61.99,overcast clouds,59.6481,67.41,Gostinitsa
568,Los Llanos De Aridane,ES,71.35,clear sky,28.6585,-17.9182,Valle Aridane
569,Skagen,DK,60.6,clear sky,57.7209,10.5839,Ruth's Hotel
570,Kloulklubed,PW,79.3,broken clouds,7.0419,134.2556,Storyboard Beach Resort
571,Piopio,NZ,60.08,broken clouds,-38.4667,175.0167,"Fat Owl Motel, Bar & Eatery"
572,Kawambwa,ZM,61.25,scattered clouds,-9.7915,29.0791,Chembe Nsofu
573,Srivardhan,IN,78.84,overcast clouds,18.0333,73.0167,Savli Resort/Hotel - Shrivardhan
574,Brokopondo,SR,79.63,overcast clouds,4.75,-55.1667,Matu Island
575,Bubaque,GW,77.74,moderate rain,11.2833,-15.8333,"Casa Dora, Bubaque"
576,Keti Bandar,PK,82.08,overcast clouds,24.1447,67.4497,Haji laloo memon house
577,Papillion,US,74.16,light intensity drizzle,41.1544,-96.0422,lalithya constructions the lake shore
578,Petropavlovsk-Kamchatskiy,RU,55.99,broken clouds,53.0452,158.6483,The Hotel Petropavlovsky
579,Fort-Shevchenko,KZ,76.26,light rain,44.5086,50.263,Oasis hotel Bautino
580,Campbell River,CA,86.38,clear sky,50.0163,-125.2446,Anchor Inn & Suites
581,Atlantic City,US,78.04,overcast clouds,39.3643,-74.4229,Courtyard by Marriott Atlantic City Beach Block
582,Saint-Francois,FR,65.64,overcast clouds,46.4154,3.9054,Manoir Du Bonheur
583,Wajima,JP,79.25,broken clouds,37.4,136.9,Wajiima Onsen Yashio
584,Karasuk,RU,61.29,few clouds,53.7377,78.0403,London Siti Otel'
585,Ambagarh Chauki,IN,73.65,overcast clouds,20.7833,80.7167,‡§ó‡§æ‡§Å‡§ß‡•Ä ‡§ö‡•å‡§ï ‡§∂‡§æ‡§Ç‡§§‡§ø ‡§≠‡§µ‡§® ‡§∏‡•ã‡§®‡§∏‡§æ‡§Ø ‡§ü‡•ã‡§≤‡§æ
587,Rio Gallegos,AR,32.05,clear sky,-51.6226,-69.2181,Hotel Santa Cruz
588,Mbandaka,CD,70.16,overcast clouds,0.0487,18.2603,Guest House Epervier
589,Balikpapan,ID,76.19,scattered clouds,-1.2675,116.8289,Swiss-Belhotel Balikpapan
590,Salinas,US,86.0,clear sky,36.6777,-121.6555,Laurel Inn & Conference Center
592,Yeniseysk,RU,50.77,few clouds,58.4497,92.1703,"""Domino"""
593,Excelsior Springs,US,72.88,light intensity drizzle,39.3392,-94.2261,The Elms Hotel & Spa
594,Ayagoz,KZ,58.12,clear sky,47.9714,80.4392,–•–ê–ù
595,Rampura,IN,83.48,overcast clouds,30.25,75.2333,Akash
596,Ciudad Guayana,VE,79.52,broken clouds,8.3533,-62.6528,Hotel Las Americas
597,Cairns,AU,75.11,broken clouds,-16.9167,145.7667,Mantra Trilogy Cairns
598,Chipata,ZM,58.86,scattered clouds,-13.6333,32.65,Protea Hotel by Marriott Chipata
599,Saint-Joseph,RE,64.2,scattered clouds,-21.3667,55.6167,"""Plantation Bed and Breakfast"
601,Anklam,DE,64.53,moderate rain,53.8564,13.6897,Hotel Pommernland - Hansestadt Anklam
602,Nara,JP,85.91,overcast clouds,34.6851,135.8049,Guesthouse Nara Komachi
603,Muros,ES,61.5,clear sky,42.7762,-9.0603,Apartment Av. Castelao
604,Marovoay,MG,66.18,clear sky,-16.1,46.6333,H√¥tel les Oliviers Marovoay
605,Hurghada,EG,86.04,clear sky,27.2574,33.8129,Sea Star Beau Rivage Hotel
606,Marsaxlokk,MT,84.07,clear sky,35.8419,14.5431,Water's Edge
608,Mildura,AU,44.08,clear sky,-34.2,142.15,Mercure Hotel Mildura
609,Tatawin,TN,76.89,clear sky,32.9297,10.4518,Sangho Privilege Tataouine
610,Mount Isa,AU,60.57,clear sky,-20.7333,139.5,ibis Styles Mt Isa Verona
611,Guerrero Negro,MX,77.88,clear sky,27.9769,-114.0611,"Casa Laguna, Bed & Breakfast"
613,Parli,IN,75.09,light rain,18.8486,76.5297,Hotel Arya Executive
614,Peniche,PT,69.08,clear sky,39.3558,-9.3811,Hotel Star inn Peniche
615,Leningradskiy,RU,34.02,overcast clouds,69.3833,178.4167,Gostinitsa
616,Razdolnoye,RU,68.41,overcast clouds,43.55,131.9167,"Baza Otdykha ""Lesnaya"""
618,Armidale,AU,53.01,clear sky,-30.5167,151.65,Abbotsleigh Motor Inn
620,Kupang,ID,72.12,scattered clouds,-10.1667,123.5833,Hotel On The Rock by Prasanthi
621,Dublyany,UA,60.22,clear sky,49.9041,24.0864,"""Drevny Grad"" Park Hotel"
622,Burnie,AU,51.93,broken clouds,-41.0667,145.9167,Beachfront Voyager Motor Inn
623,Saint-Pierre,RE,66.9,clear sky,-21.3393,55.4781,Alize Plage
624,Calvinia,ZA,49.98,clear sky,-31.4707,19.776,Die Lemoenhuis
625,Saveh,IR,79.3,clear sky,35.0213,50.3566,Sadra
626,Letterkenny,IE,54.32,overcast clouds,54.95,-7.7333,Mount Errigal Hotel
627,Paita,PE,65.12,scattered clouds,-5.0892,-81.1144,Hotel N√°utico de Paita
628,Seoul,KR,76.6,clear sky,37.5683,126.9778,LOTTE HOTEL SEOUL
629,Banamba,ML,79.36,broken clouds,13.55,-7.45,Kassela de Banamba
630,Ciudad Bolivar,VE,74.91,overcast clouds,8.1222,-63.5497,Hotel Edi
631,Teknaf,BD,78.57,overcast clouds,20.8624,92.3058,Forestry Guesthouse
632,Mantua,IT,79.84,scattered clouds,45.1667,10.7833,Hotel la Favorita
633,Ubinskoye,RU,58.3,broken clouds,55.3068,79.6802,Gostinitsa Siberia
634,Kargat,RU,60.55,broken clouds,55.1956,80.2811,Kargat
635,Yarada,IN,79.12,mist,17.65,83.2667,Yarada Jungle Beach Resorts
636,Launceston,AU,51.44,overcast clouds,-41.45,147.1667,Hotel Grand Chancellor Launceston
637,Barcelos,PT,70.84,clear sky,41.5388,-8.6151,Hotel Restaurante Bagoeira
638,San Vicente,AR,63.95,clear sky,-26.6167,-54.1333,Complejo Tur√≠stico Farelluk
639,Namibe,AO,62.37,clear sky,-15.1961,12.1522,Hotel Chik Chik Namibe
640,Noumea,NC,73.99,broken clouds,-22.2763,166.4572,H√¥tel Le Lagon
641,Denpasar,ID,74.86,broken clouds,-8.65,115.2167,OYO 3156 Hotel Warta 2
643,Huarmey,PE,64.51,scattered clouds,-10.0681,-78.1522,Hotel Miramar
644,Roela,EE,60.13,overcast clouds,59.1667,26.5926,Barto Puhkemaja
645,Mangan,IN,74.91,overcast clouds,27.5167,88.5333,Hotel Mout View
646,Puerto Carreno,CO,84.18,scattered clouds,6.189,-67.4859,Casa Hotel Victoria
647,Fort Nelson,CA,74.79,broken clouds,58.8053,-122.7002,The Fort Nelson Hotel
649,Newport,GB,61.83,few clouds,51.5877,-2.9984,ibis budget Newport
650,Amga,RU,66.87,broken clouds,60.8953,131.9608,Algys
652,Sheltozero,RU,60.78,scattered clouds,61.3667,35.3667,The village of Vanino
653,Acari,PE,65.95,broken clouds,-15.4311,-74.6158,HOSPEDAJE XIMENA
655,Nouakchott,MR,80.53,scattered clouds,18.0858,-15.9785,HOTEL IMAN
656,Tupik,RU,66.87,broken clouds,54.4253,119.9327,Guest House Orkhideya
657,Sao Geraldo Do Araguaia,BR,85.15,scattered clouds,-6.4006,-48.555,Hotel Por do Sol
659,Junagarh,IN,76.48,overcast clouds,19.8667,82.9333,Hotel Swagat
660,Kailua,US,85.41,few clouds,21.4022,-157.7394,Sheffield House Bed & Breakfast
661,Townsville,AU,67.08,broken clouds,-19.25,146.8,Rydges Southbank Townsville
663,Bayir,TR,73.92,clear sky,37.2687,28.2167,Hotel Babadag
664,Shu,KZ,76.5,clear sky,43.5983,73.7614,Shyngyzkhan
665,Northam,GB,61.61,overcast clouds,51.0333,-4.2167,Durrant House Hotel
666,Yeppoon,AU,55.18,clear sky,-23.1333,150.7333,Villa Mar Colina
667,Colwyn Bay,GB,58.75,broken clouds,53.2948,-3.7267,Bryn Woodlands House
668,Morgantown,US,81.7,broken clouds,39.6295,-79.9559,Morgantown Marriott at Waterfront Place
669,Manaus,BR,88.3,few clouds,-3.1019,-60.025,Manaus Hot√©is Millennium
670,Luganville,VU,82.06,clear sky,-15.5333,167.1667,The Espiritu Hotel
671,Abnub,EG,86.22,clear sky,27.2696,31.1511,ÿØŸàÿßÿ± ÿßŸÑ ÿπÿ®ÿØ ÿßŸÑÿ¨ŸàÿßÿØ ÿ¥ÿ±ŸÇ ÿßŸÑÿ®ŸÑÿØ ÿ®ÿßÿ®ŸÜŸàÿ®
672,Panacan,PH,81.41,overcast clouds,9.2463,118.4082,Mom's Place Resort
673,Benguela,AO,69.19,overcast clouds,-12.5763,13.4055,Hotel Praia Morena
674,Marystown,CA,67.86,overcast clouds,47.1666,-55.1483,Marystown Hotel & Convention Centre
675,Tselinnoye,RU,50.43,few clouds,53.0833,85.6667,Zolotaya Podkova
676,Asyut,EG,86.18,clear sky,27.181,31.1837,ŸÅŸÜÿØŸÇ ŸÖŸäÿ≥ ÿ•Ÿäÿ¨Ÿäÿ®ÿ™ Miss Egypt Hotel
677,Radzyn Podlaski,PL,61.12,clear sky,51.7833,22.6167,PAUZA Restauracja & Hotel Radzy≈Ñ Podlaski
678,Ulladulla,AU,56.62,light rain,-35.35,150.4667,Sandpiper Motel
679,Caravelas,BR,69.49,broken clouds,-17.7125,-39.2481,Pousada dos Navegantes
681,Porto Novo,BJ,78.62,broken clouds,6.4965,2.6036,Tour Eiffel Hotel Benin
682,Katakwi,UG,67.69,light rain,1.8911,33.9661,Homestay Katakwi
683,Narsaq,GL,45.68,overcast clouds,60.9167,-46.05,Sleep In Narsaq
684,Koraput,IN,70.16,overcast clouds,18.8167,82.7167,Raj Residency
685,Janesville,US,77.36,broken clouds,42.6828,-89.0187,"Holiday Inn Express Janesville-I-90 & US Hwy 14, an IHG Hotel"
686,Benjamin Constant,BR,78.93,scattered clouds,-4.3831,-70.0311,CASA AVALIADA
687,Jevargi,IN,75.74,moderate rain,17.0167,76.7667,Khamadhenu Hotel
688,Ingham,US,75.15,scattered clouds,42.6,-84.3833,Sunset Mobile Home Park
